,title,year,director
0,12,2007,Nikita Mikhalkov
1,13,2010,Géla Babluani
2,13 Assassins,2010,Takashi Miike
3,The 13th Letter,1951,Otto Preminger
4,101 Dalmatians,1996,Stephen Herek
5,2001 Maniacs,2005,Tim Sullivan
6,3:10 to Yuma,2007,James Mangold
7,Abbott and Costello Meet the Invisible Man,1951,Charles Lamont
8,About Last Night,2014,Steve Pink
9,Adorable,1933,William Dieterle
10,An Affair to Remember,1957,Leo McCarey
11,Against All Odds,1984,Taylor Hackford
12,Alfie,2004,Charles Shyer
13,Algiers,1938,John Cromwell
14,Always,1989,Steven Spielberg
15,The Amityville Horror,2005,Andrew Douglas
16,And God Created Woman,1988,Roger Vadim
17,And Soon the Darkness,2010,Marcos Efron
18,Angels in the Outfield,1994,William Dear
19,Angel on My Shoulder,1980,John Berry
20,Annie,2014,Will Gluck
21,Annavaram,2006,Bhimaneni Srinivas Rao
22,Another Fine Mess,1930,James Parrott
23,Anthropophagous 2000,1999,Andreas Schnaas
24,April Fool's Day,2008,Mitchell Altieri
25,Aapthamitra,2004,P. Vasu
26,Arch of Triumph,1984,Waris Hussein
27,The Arena,2001,Timur Bekmambetov
28,Arthur,2011,Jason Winer
29,Assault on Precinct 13,2005,Jean-François Richet
30,Attack of the 50 Ft. Woman,1993,Christopher Guest
31,The Bachelor,1999,Gary Sinyor
32,Bachelor Mother,1939,Garson Kanin
33,Bad News Bears,2005,Richard Linklater
34,The Ballad of Narayama,1983,Shohei Imamura
35,The Bad Seed,1985,Paul Wendkos
36,Bangkok Dangerous,2008,The Pang Brothers
37,The Magnificent Seven,1960,John Sturges
38,The Battle of the Sexes,1928,D. W. Griffith
39,The Beat that My Heart Skipped,2005,Jacques Audiard
40,Beau Geste,1939,William A. Wellman
41,Beauty and the Beast,2017,Bill Condon
42,Bedazzled,2000,Harold Ramis
43,Deaf Sam-ryong,1964,Shin Sang-ok
44,Beyond a Reasonable Doubt,2009,Peter Hyams
45,The Big Show,1961,James B. Clark
46,The Big Stampede,1932,Tenny Wright
47,Billy Jack Goes to Washington,1977,Tom Laughlin
48,The Birdcage,1996,Mike Nichols
49,Black Caesar,1973,Larry Cohen
50,Black Christmas,2006,Glen Morgan
51,Blame it on Rio,1984,Stanley Donen
52,The Blob,1988,Chuck Russell
53,Blood Diner,1987,Jackie Kong
54,The Blue Angel,1959,Edward Dmytryk
55,Bored of Education,1936,Gordon Douglas
56,Born Yesterday,1993,Luis Mandoki
57,Boudu,2005,Gérard Jugnot
58,The Boy Cried Murder,1966,George P. Breakston
59,Breathless,1983,Jim McBride
60,Bride Wars,2015,Tony Chan
61,Brian's Song,2001,John Gray
62,Brothers,2009,Jim Sheridan
63,A Bucket of Blood,1995,Michael McDonald
64,Buddy Buddy,1981,Billy Wilder
65,Bundle of Joy,1956,Norman Taurog
66,The Burmese Harp,1985,Kon Ichikawa
67,The Cabinet of Dr. Caligari,2005,David Lee Fisher
68,Cape Fear,1991,Martin Scorsese
69,The Captain,1971,Kurt Hoffmann
70,Carnival of Souls,1998,Adam Grossman & Ian Kessner
71,Carrie,2013,Kimberly Peirce
72,The Cat and the Canary,1939,Elliott Nugent
73,Cat People,1982,Paul Schrader
74,Catch That Kid,2004,Bart Freundlich
75,The Champ,1979,Franco Zeffirelli
76,Chickens Come Home,1931,Hal Roach
77,The Children's Hour,1961,William Wyler
78,Chloe,2009,Atom Egoyan
79,City of Angels,1998,Brad Silberling
80,Clash of the Titans,2010,Louis Leterrier
81,Classmates,2007,K. Vijaya Bhaskar
82,Cloak & Dagger,1984,Richard Franklin
83,Colorado Territory,1949,Raoul Walsh
84,The Computer Wore Tennis Shoes,1995,Peyton Reed
85,Confession,1937,Joe May
86,The Counter Jumper,1922,Larry Semon
87,The Countess of Monte Cristo,1948,Fred de Cordova
88,Cousins,1989,Joel Schumacher
89,Crackers,1984,Louis Malle
90,The Crazies,2010,Breck Eisner
91,Crime School,1938,Lewis Seiler
92,Criminal,2004,Gregory Jacobs
93,D.O.A.,1988,Annabel Jankel
94,Dark Mirror,1984,Richard Lang
95,Dark Victory,1976,Robert Butler
96,Dark Water,2005,Walter Salles
97,Dawn of the Dead,2004,Zack Snyder
98,The Dawn Patrol,1938,Edmund Golding
99,Day of the Dead,2008,Steve Miner
100,The Day the Earth Stood Still,2008,Scott Derrickson
101,Dead of Winter,1987,Arthur Penn
102,Death at a Funeral,2010,Neil LaBute
103,Death Race,2008,Paul W.S. Anderson
104,The Debt,2011,John Madden
105,The Defiant Ones,1986,David Lowell Rich
106,The Departed,2006,Martin Scorsese
107,Desire,1936,Frank Borzage
108,Desperate Hours,1990,Michael Cimino
109,Second Wind,2007,Alain Corneau
110,Diabolique,1996,Jeremiah S. Chechik
111,Diamond Horseshoe,1945,George Seaton
112,Dinner for Schmucks,2010,Jay Roach
113,Dirty Rotten Scoundrels,1988,Frank Oz
114,Disturbia,2007,D. J. Caruso
115,Dr. Jekyll and Mr. Hyde,1941,Victor Fleming
116,Dr. M,1990,Claude Chabrol
117,Billa,2009,Meher Ramesh
118,A Dog of Flanders,1999,Kevin Brodie
119,Don't Be Afraid of the Dark,2010,Troy Nixey
120,The Shaft,2001,Dick Maas
121,Down and Out in Beverly Hills,1986,Paul Mazursky
122,Down to Earth,2001,Chris Weitz
123,Dreaming Lips,1937,Paul Czinner
124,The Echo,2008,Yam Laranas
125,EDtv,1999,Ron Howard
126,Stork Day,2004,Giulio Manfredonia
127,Ellam Avan Seyal,2008,Shaji Kailas
128,Endless Love,2014,Shana Feste
129,Escapade,1935,Robert Z. Leonard
130,Evil Dead,2013,Fede Alvarez
131,The Eye,2008,David Moreau
132,Dominion: Prequel to the Exorcist,2005,Paul Schrader
133,Excursion to the Moon,1908,Segundo de Chomón
134,The Experiment,2010,Paul Scheuring
135,Fame,2009,Kevin Tancharoen
136,Fatal Attraction,1987,Adrian Lyne
137,Father of the Bride,1991,Charles Shyer
138,Fathers' Day,1997,Ivan Reitman
139,FC Venus,2006,Ute Wieland
140,The Fiend Who Walked the West,1958,Gordon Douglas
141,The Firm,2009,Nick Love
142,A Fistful of Dollars,1964,Sergio Leone
143,Los que volvieron,1948,Alejandro Galindo
144,Fled,1996,Kevin Hooks
145,Flight of the Phoenix,2004,John Moore
146,Flipper,1996,Alan Shapiro
147,Floating Weeds,1959,Yasujirō Ozu
148,Flubber,1997,Les Mayfield
149,The Fly,1986,David Cronenberg
150,The Fog,2005,Rupert Wainwright
151,Footloose,2011,Craig Brewer
152,Forbidden Fruit,1921,Cecil B. DeMille
153,Four Brothers,2005,John Singleton
154,Freaky Friday,2003,Mark Waters
155,Friday the 13th,2009,Marcus Nispel
156,Fright Night,2011,Craig Gillespie
157,The Front Page,1974,Billy Wilder
158,Fun with Dick and Jane,2005,Dean Parisot
159,Funny Games,2007,Michael Haneke
160,Gaby,1956,Curtis Bernhardt
161,Gambit,2012,Michael Hoffman
162,The Gambler,2014,Rupert Wyatt
163,The Getaway,1994,Roger Donaldson
164,Get Carter,2000,Stephen Kay
165,The Girl Downstairs,1938,Norman Taurog
166,Gharshana,2004,Gautham Menon
167,Ghost Theater,2015,Hideo Nakata
168,Gloria,1999,Sidney Lumet
169,Godzilla,2014,Gareth Edwards
170,Gone in 60 Seconds,2000,Dominic Sena
171,The Goodbye Girl,2004,Richard Benjamin
172,The Good Companions,1957,J. Lee Thompson
173,Good Morning,1959,Yasujirō Ozu
174,The Good Thief,2002,Neil Jordan
175,Gordon of Ghost City,1933,Ray Taylor
176,The Grudge,2004,Takashi Shimizu
177,Guess Who,2005,Kevin Rodney Sullivan
178,Halloween,2007,Rob Zombie
179,The Hand,1981,Oliver Stone
180,Happy New Year,1987,John G. Avildsen
181,Hara-Kiri: Death of a Samurai,2011,Takashi Miike
182,The Hasty Heart,1983,Martin M. Speer
183,Haunted Gold,1932,Mack V. Wright
184,The Haunting,1999,Jan de Bont
185,Head Above Water,1996,Jim Wilson
186,The Heartbreak Kid,2007,Bobby Farrelly
187,Heat,1995,Michael Mann
188,"Her Majesty, Love",1931,William Dieterle
189,High Noon,2000,Rod Hardy
190,The Hills Have Eyes,2006,Alexandre Aja
191,The Hitcher,2007,Dave Meyers
192,Holiday,1938,George Cukor
193,Homeward Bound: The Incredible Journey,1993,Duwayne Dunham
194,Hoodman Blind,1923,John Ford
195,House on Haunted Hill,1999,William Malone
196,House Of Wax,2005,Jaume Collet-Serra
197,How to Make a Monster,2001,George Huang
198,Hurricane,1979,Jan Troell
199,I Am Omega,2007,Griff Furst
200,I Died A Thousand Times,1955,Stuart Heisler
201,I Married a Monster,1998,Nancy Malone
202,I Saw What You Did,1988,Fred Walton
203,I Spit on Your Grave,2010,Steven R. Monroe
204,I Want to Live!,1983,David Lowell Rich
205,Ice Castles,2010,Donald Wrye
206,In the Good Old Summertime,1949,Robert Z. Leonard
207,Indiscretion of an American Wife,1998,George Kaczender
208,The Initiation of Sarah,2006,Stuart Gillard
209,The In-Laws,2003,Andrew Fleming
210,Insomnia,2002,Christopher Nolan
211,Intersection,1994,Mark Rydell
212,Intermezzo,1939,Gregory Ratoff
213,Interview,2007,Steve Buscemi
214,Invaders from Mars,1986,Tobe Hooper
215,The Invasion,2007,Oliver Hirschbiegel
216,Irma la Douce,1972,Paul Paviot
217,Iron Maze,1991,Hiroaki Yoshida
218,The Italian Job,2003,F. Gary Gray
219,It Happened One Christmas,1977,Donald Wrye
220,It's Alive,2008,Josef Rusnak
221,It's Great to Be Alive,1933,Alfred L. Werker
222,I Accuse,1938,Abel Gance
223,The Jackal,1997,Michael Caton-Jones
224,Jakob the Liar,1999,Peter Kassovitz
225,The Jazz Singer,1980,Richard Fleischer
226,Jigoku,1999,Teruo Ishii
227,Journey into Fear,1975,Daniel Mann
228,Jungle 2 Jungle,1997,John Pasquin
229,Just Visiting,2001,Jean-Marie Poiré
230,Japan Sinks,2006,Shinji Higuchi
231,The Karate Kid,2010,Harald Zwart
232,The Kid from Brooklyn,1946,Norman Z. McLeod
233,King Kong,2005,Peter Jackson
234,King Solomon's Mines,1950,Compton Bennett
235,A Kiss Before Dying,1991,James Dearden
236,Kiss Me Goodbye,1982,Robert Mulligan
237,Kiss of Death,1995,Barbet Schroeder
238,Knock Knock,2015,Eli Roth
239,Seance,2000,Kiyoshi Kurosawa
240,The Ladykillers,2004,Coen brothers
241,The Lady Vanishes,1979,Anthony Page
242,The Land That Time Forgot,2009,C. Thomas Howell
243,The Lake House,2006,Alejandro Agresti
244,Last Holiday,2006,Wayne Wang
245,The Last House on the Left,2009,Dennis Iliadis
246,The Last Kiss,2006,Tony Goldwyn
247,Last Man Standing,1996,Walter Hill
248,Laughing Gravy,1931,James W. Horne
249,Let Me In,2010,Matt Reeves
250,Easy to Wed,1946,Edward Buzzell
251,Lifepod,1993,Ron Silver
252,Little Fugitive,2006,Joanna Lipper
253,Little Miss Marker,1980,Walter Bernstein
254,Little Shop of Horrors,1986,Frank Oz
255,LOL,2012,Lisa Azuelos
256,The Longest Yard,2005,Peter Segal
257,Long Fliv the King,1926,Leo McCarey
258,"The Long, Hot Summer",1985,Stuart Cooper
259,The Long Night,1947,Anatole Litvak
260,Lost Horizon,1973,Charles Jarrott
261,The Lost Patrol,1934,John Ford
262,Love Affair,1994,Glenn Gordon Caron
263,Love Don't Cost a Thing,2003,Troy Beyer
264,Lure of the Wilderness,1952,Jean Negulesco
265,M ,1951,Joseph Losey
266,Mädchen in Uniform,1958,Géza von Radványi
267,Mad Love,1935,Karl Freund
268,The Magnificent Ambersons,2002,Alfonso Arau
269,The Magnificent Seven,1960,John Sturges
270,Main Aisa Hi Hoon,2005,Harry Baweja
271,Major Payne,1995,Nick Castle
272,The Man They Could Not Hang,1939,Nick Grinde
273,The Man with One Red Shoe,1985,Stan Dragoti
274,The Man Without a Country,1937,Crane Wilbur
275,The Man Who Knew Too Much,1956,Alfred Hitchcock
276,The Man Who Loved Women,1983,Blake Edwards
277,The Manchurian Candidate,2004,Jonathan Demme
278,Bhool Bhulaiyaa,2007,Priyadarshan
279,Marcellino,1991,Luigi Comencini
280,Le Mari rêvé,1936,Roger Capellani
281,Marilyn Hotchkiss' Ballroom Dancing & Charm School,2005,Randall Miller
282,Mark of the Vampire,1935,Tod Browning
283,Marked Men,1919,John Ford
284,Martyrs,2015,Kevin and Michael Goetz
285,Masquerade in Mexico,1945,Mitchell Leisen
286,The Mechanic,2011,Simon West
287,Meet Joe Black,1998,Martin Brest
288,Meet Me in St. Louis,1959,George Schaefer
289,Men Don't Leave,1990,Paul Brickman
290,Messenger,1994,Norman Loftis
291,Mighty Joe Young,1998,Ron Underwood
292,Miracle on 34th Street,1994,Les Mayfield
293,The Miracle Man,1932,Norman Z. McLeod
294,The Mirror Has Two Faces,1996,Barbra Streisand
295,Mirrors,2008,Alexandre Aja
296,Miss Granny,2015,Leste Chen
297,Missile to the Moon,1958,Richard E. Cunha
298,Mixed Nuts,1994,Nora Ephron
299,Mogambo,1953,John Ford
300,The Money Pit,1986,Richard Benjamin
301,Monsterz,2014,Hideo Nakata
302,Moon Over Parador,1988,Paul Mazursky
303,Mother's Day,2010,Darren Lynn Bousman
304,"Move Over, Darling",1963,Michael Gordon
305,Mr. Deeds,2002,Steven Brill
306,The Mummy,1999,Stephen Sommers
307,"Vasoolraja M.B.B.S",2004,Saran
308,My Bloody Valentine,2009,Patrick Lussier
309,My Father the Hero,1994,Steve Miner
310,My Man Godfrey,1957,Henry Koster
311,My Sassy Girl,2008,Yann Samuell
312,Naa Autograph,2004,S. Gopal Reddy
313,Naina,2005,Shripal Morakhia
314,Narrow Margin,1990,Peter Hyams
315,The Next Three Days,2010,Paul Haggis
316,Night and the City,1992,Irwin Winkler
317,Night Must Fall,1964,Karel Reisz
318,A Nightmare on Elm Street,2010,Samuel Bayer
319,Night of the Demons,2009,Adam Gierasch
320,Night of the Living Dead,1990,Tom Savini
321,Nightwatch,1997,Ole Bornedal
322,Nine Months,1995,Chris Columbus
323,No Reservations,2007,Scott Hicks
324,Nosferatu,1979,Werner Herzog
325,No Way Out,1987,Roger Donaldson
326,Not of This Earth,1995,Terence H. Winkless
327,Notorious,1992,Colin Bucksey
328,Rangrezz,2013,Priyadarshan
329,Criminal,2004,Gregory Jacobs
330,The Nutty Professor,1996,Tom Shadyac
331,Ocean's Eleven,2001,Steven Soderbergh
332,"Oh Jonathan, Oh Jonathan!",1973,Franz Peter Wirth
333,The Old Dark House,1963,William Castle
334,Oldboy,2013,Spike Lee
335,The Omega Man,1971,Boris Sagal
336,The Omen,2006,John Moore
337,On the Beach,2000,Russell Mulcahy
338,One Million Years B.C.,1966,Don Chaffey
339,One Missed Call,2008,Eric Valette
340,The Opposite Sex,1956,David Miller
341,Orfeu,1999,Carlos Diegues
342,Orphans of the Storm,1921,D. W. Griffith
343,Oscar,1991,John Landis
344,The Out-of-Towners,1999,Sam Weisman
345,Outland,1981,Peter Hyams
346,The Outrage,1964,Martin Ritt
347,Outside the Law,1930,Tod Browning
348,Oxford Blues,1984,Robert Boris
349,Painting the Clouds with Sunshine,1951,David Butler
350,Paradise,1991,Mary Agnes Donoghue
351,The Parent Trap,1998,Nancy Meyers
352,"Paris, When It Sizzles",1964,Richard Quine
353,Pathfinder,2007,Marcus Nispel
354,Peking Express,1951,William Dieterle
355,A Perfect Murder,1998,Andrew Davis
356,Phantom Carriage,1958,Arne Mattsson
357,Picnic,2000,Ivan Passer
358,Piranha 3D,2010,Alexandre Aja
359,The Plainsman,1966,David Lowell Rich
360,Planet of the Apes,2001,Tim Burton
361,The Plank,1979,Eric Sykes
362,Pocketful of Miracles,1961,Frank Capra
363,Point Break,2015,Ericson Core
364,Point of No Return,1993,John Badham
365,Poltergeist,2015,Gil Kenan
366,Porki,2010,M.D. Sridhar
367,Poseidon,2006,Wolfgang Petersen
368,The Preacher's Wife,1996,Penny Marshall
369,Premonition,2007,Mennan Yapo
370,The Prisoner of Zenda,1979,Richard Quine
371,The Producers,2005,Susan Stroman
372,Prom Night,2008,Nelson McCormick
373,Psycho,1998,Gus Van Sant
374,Pulse,2006,Jim Sonzero
375,Pure Luck,1991,Nadia Tass
376,Pusher,2010,Assad Raja
377,Quarantine,2008,John Erick Dowdle
378,The Racket,1951,John Cromwell
379,The Rainmaker,1982,John Frankenheimer
380,The Rains of Ranchipur,1955,Jean Negulesco
381,Ram Gopal Varma's Indian Flames,2007,Ram Gopal Varma
382,Ransom,1996,Ron Howard
383,Rear Window,1998,Jeff Bleckner
384,Red Dawn,2012,Dan Bradley
385,The Red Rider,1934,Lew Landers
386,Reefer Madness,2005,Andy Fickman
387,Return to Paradise,1998,Joseph Ruben
388,Reptile 2001,1999,Shim Hyung-rae
389,Rich And Famous,1981,George Cukor
390,"Ride Him, Cowboy",1932,Fred Allen
391,Riding High,1950,Frank Capra
392,The Ring,2002,Gore Verbinski
393,Rio Lobo,1970,Howard Hawks
394,Rio Rita,1942,S. Sylvan Simon
395,Robin Hood,1973,Wolfgang Reitherman
396,RoboCop,2014,José Padilha
397,Rock-A-Bye Baby,1958,Frank Tashlin
398,Rollerball,2002,John McTiernan
399,The Roman Spring of Mrs. Stone,2003,Robert Allan Ackerman
400,Runaway Daughters,1994,Joe Dante
401,Sabine und die hundert Männer,1960,Wilhelm Thiele
402,Sabrina,1995,Sydney Pollack
403,Sahara,1995,Brian Trenchard-Smith
404,Satan's School for Girls,2000,Christopher Leitch
405,Scared Stiff,1953,George Marshall
406,Scarface,1983,Brian De Palma
407,Scent of a Woman,1992,Martin Brest
408,School for Scoundrels,2006,Todd Phillips
409,The Secret,2007,Vincent Perez
410,Secret in Their Eyes,2015,Billy Ray
411,The Secret Life of Walter Mitty,2013,Ben Stiller
412,Secret of the Blue Room,1933,Kurt Neumann
413,Samurai Commando Mission 1549,2005,Masaaki Tezuka
414,Black Angel,2002,Tinto Brass
415,Seventh Heaven,1937,Henry King
416,Shadow of a Doubt,1991,Karen Arthur
417,The Shaggy Dog,2006,Brian Robbins
418,"Shake, Rattle and Rock!",1994,Allan Arkush
419,The Shakiest Gun in the West,1968,Alan Rafkin
420,Shall We Dance,2004,Peter Chelsom
421,Shankar Dada MBBS,2004,Jayanth C. Paranjee
422,Shankardada Zindabad,2007,Prabhu Deva
423,Shiva,2006,Ram Gopal Varma
424,Shutter,2008,Masayuki Ochiai
425,Sideways,2009,Cellin Gluck
426,Silk Stockings,1957,Rouben Mamoulian
427,A Woman A Gun and a Noodle Shop,2009,Zhang Yimou
428,Singham,2011,Rohit Shetty
429,Sisters,2006,Douglas Buck
430,Society Lawyer,1939,Edwin L. Marin
431,Solaris,2002,Steven Soderbergh
432,Solstice,2008,Daniel Myrick
433,Something's Got to Give,1962,George Cukor
434,Somewhere in Sonora,1933,Mack V. Wright
435,Sorcerer,1977,William Friedkin
436,Sorority Row,2009,Stewart Hendler
437,Sorrell and Son,1933,Jack Raymond
438,Sorrowful Jones,1949,Sidney Lanfield
439,Sparkle,2012,Salim Akil
440,Spring Parade,1940,Henry Koster
441,Springtime in a Small Town,2002,Tian Zhuangzhuang
442,The Squaw Man,1931,Cecil B. DeMille
443,Stagecoach,1986,Ted Post
444,A Star Is Born,1976,Frank R. Pierson
445,State Fair,1962,José Ferrer
446,The Stepfather,2009,Nelson McCormick
447,The Stepford Wives,2004,Frank Oz
448,Summer Flight,1963,Daniel Petrie
449,Straw Dogs,2011,Rod Lurie
450,The Sunshine Boys,1996,John Erman
451,Suspicion,1987,Andrew Grieve
452,The Swan,1956,Charles Vidor
453,Em là bà noi cua anh,2015,Phan Gia Nhat Linh
454,Sweet November,2001,Pat O'Connor
455,Swept Away,2002,Guy Ritchie
456,Switching Channels,1988,Ted Kotcheff
457,Tagore,2003,V.V. Vinayak
458,The Taking of Pelham 1 2 3,2009,Tony Scott
459,"Tarzan, the Ape Man",1959,Joseph M. Newman
460,Taxi,2004,Tim Story
461,The Ten Commandments,1956,Cecil B. Demille
462,The Texas Chainsaw Massacre,2003,Marcus Nispel
463,That Darn Cat,1997,Bob Spiers
464,They Made Me a Criminal,1939,Busby Berkeley
465,The Thief of Baghdad,1978,Clive Donner
466,Yamato Takeru,1994,Takao Okawara
467,The Thing,1982,John Carpenter
468,The Thirteenth Floor,1999,Josef Rusnak
469,Thir13en Ghosts,2001,Steve Beck
470,The Thomas Crown Affair,1999,John McTiernan
471,Three Fugitives,1989,Francis Veber
472,3 Men and a Baby,1987,Leonard Nimoy
473,The Time Machine,2002,Simon Wells
474,To Be Or Not To Be,1983,Alan Johnson
475,To Have and to Hold,1922,Jesse L. Lasky
476,Tol'able David,1930,John G. Blystone
477,Too Good to Be True,1988,"Christian I. Nyby, II"
478,Toolbox Murders,2004,Tobe Hooper
479,Tortilla Soup,2001,María Ripoll
480,Total Recall,2012,Len Wiseman
481,The Tourist,2010,Florian Henckel von Donnersmarck
482,Tower of London,1962,Roger Corman
483,The Town That Dreaded Sundown,2014,Alfonso Gomez-Rejon
484,The Toy,1982,Richard Donner
485,Trader Horn,1973,Reza Badiyi
486,True Lies,1994,James Cameron
487,The Truth About Charlie,2002,Jonathan Demme
488,Two Much,1996,Fernando Trueba
489,Unfaithful,2002,Adrian Lyne
490,Unfaithfully Yours,1984,Howard Zieff
491,Under Suspicion,2000,Stephen Hopkins
492,The Underneath,1995,Steven Soderbergh
493,The Unholy Three,1930,Jack Conway
494,The Unknown Soldier,1985,Rauni Mollberg
495,Van Gogh,1948,Alain Resnais
496,Vanilla Sky,2001,Cameron Crowe
497,The Vanishing,1993,George Sluizer
498,Vanishing Point,1997,Charles Robert Carner
499,Västkustens hjältar,1940,"Lau Lauritzen, Jr."
500,Vicki,1953,Harry Horner
501,Victor/Victoria,1982,Blake Edwards
502,Village of the Damned,1995,John Carpenter
503,Walk Don't Run,1966,Charles Walters
504,A Walk in the Clouds,1995,Alfonso Arau
505,Walking Tall,2004,Kevin Bray
506,Waterloo Bridge,1940,Mervyn LeRoy
507,War of the Worlds,2005,Steven Spielberg
508,The Way of All Flesh,1940,Louis King
509,Web of the Spider,1971,Antonio Margheriti
510,We Are Family,2010,Siddharth Malhotra
511,Welcome to Collinwood,2002,Anthony Russo
512,We're No Angels,1989,Neil Jordan
513,What a Girl Wants,2003,Dennie Gordon
514,What Ever Happened to Baby Jane?,1991,David Greene
515,What Women Want,2011,Chen Daming
516,When a Stranger Calls,2006,Simon West
517,Where the Boys Are,1984,Hy Averback
518,The Wicked Lady,1983,Michael Winner
519,The Wicker Man,2006,Neil LaBute
520,Wicker Park,2004,Paul McGuigan
521,Willard,2003,Glen Morgan
522,The Witness,2015,Ahn Sang-hoon
523,The Wizard of Gore,2007,Jeremy Kasten
524,The Wolfman,2010,Joe Johnston
525,The Woman in Red,1984,Gene Wilder
526,The Women,2008,Diane English
527,The Wool Cap,2004,Steven Schachter
528,The Yellow Handkerchief,2008,Udayan Prasad
529,Yogi,2007,V.V. Vinayak
530,"Yours, Mine & Ours",2005,Raja Gosnell
531,You're Never Too Young,1955,Norman Taurog
532,You've Got Mail,1998,Nora Ephron
533,12 Angry Men,1957,Sidney Lumet
534,13 Tzameti,2005,Géla Babluani
535,Jûsan-nin no shikaku,1963,Eiichi Kudo
536,The Raven,1943,Henri-Georges Clouzot
537,101 Dalmatians,1961,Clyde Geronimi
538,Two Thousand Maniacs!,1964,Herschell Gordon Lewis
539,3:10 to Yuma,1957,Delmer Daves
540,The Invisible Man Returns,1940,Joe May
541,About Last Night,1986,Edward Zwick
542,Her Grace Commands,1931,Hanns Schwarz
543,Love Affair,1939,Leo McCarey
544,Out of the Past,1947,Jacques Tourneur
545,Alfie,1966,Lewis Gilbert
546,Pépé le Moko,1937,Julien Duvivier
547,A Guy Named Joe,1943,Victor Fleming
548,The Amityville Horror,1979,Stuart Rosenberg
549,And God Created Woman,1956,Roger Vadim
550,And Soon the Darkness,1970,Robert Fuest
551,Angels in the Outfield,1951,Clarence Brown
552,Angel on My Shoulder,1946,Archie Mayo
553,Annie,1982,John Huston
554,Thirupaachi,2005,Perarasu
555,Duck Soup,1927,Fred Guiol
556,Antropophagus,1980,Joe D'Amato
557,April Fool's Day,1986,Fred Walton
558,Manichithrathazhu,1993,Fazil
559,Arch of Triumph,1948,Lewis Milestone
560,The Arena,1974,Steve Carver
561,Arthur,1981,Steve Gordon
562,Assault on Precinct 13,1976,John Carpenter
563,Attack of the 50 Foot Woman,1958,Nathan H. Juran
564,Seven Chances,1925,Buster Keaton
565,Little Mother,1935,Henry Koster
566,The Bad News Bears,1976,Michael Ritchie
567,The Ballad of Narayama,1958,Keisuke Kinoshita
568,The Bad Seed,1956,Mervyn LeRoy
569,Bangkok Dangerous,2000,The Pang Brothers
570,Seven Samurai,1954,Akira Kurosawa
571,The Battle of the Sexes,1914,D. W. Griffith
572,Fingers,1978,James Toback
573,Beau Geste,1926,Herbert Brenon
574,Beauty and the Beast,1991,Gary Trousdale
575,Bedazzled,1967,Stanley Donen
576,Deaf Sam-ryong,1929,Na Woon-gyu
577,Beyond a Reasonable Doubt,1956,Fritz Lang
578,House of Strangers,1949,Joseph L. Mankiewicz
579,Land Beyond the Law,1927,Harry Joe Brown
580,Mr. Smith Goes to Washington,1939,Frank Capra
581,La Cage aux Folles,1978,Édouard Molinaro
582,Little Caesar,1931,Mervyn LeRoy
583,Black Christmas,1974,Bob Clark
584,In a Wild Moment,1977,Claude Berri
585,The Blob,1958,Irvin S. Yeaworth Jr.
586,Blood Feast,1963,Herschell Gordon Lewis
587,The Blue Angel,1930,Josef von Sternberg
588,Teacher's Pet,1930,Robert F. McGowan
589,Born Yesterday,1950,George Cukor
590,Boudu Saved from Drowning,1932,Jean Renoir
591,The Window,1949,Ted Tetzlaff
592,Breathless,1960,Jean-Luc Godard
593,Bride Wars,2009,Gary Winick
594,Brian's Song,1971,Buzz Kulik
595,Brothers,2004,Susanne Bier
596,A Bucket of Blood,1959,Roger Corman
597,A Pain in the Ass,1973,Edouard Molinaro
598,Bachelor Mother,1939,Garson Kanin
599,The Burmese Harp,1956,Kon Ichikawa
600,The Cabinet of Dr. Caligari,1920,Robert Wiene
601,Cape Fear,1962,J. Lee Thompson
602,The Captain's Table,1959,Jack Lee
603,Carnival of Souls,1962,Herk Harvey
604,Carrie,1976,Brian De Palma
605,The Cat and the Canary,1927,Paul Leni
606,Cat People,1942,Jacques Tourneur
607,Catch That Girl,2002,Hans Fabian
608,The Champ,1931,King Vidor
609,Love 'em and Weep,1927,Fred Guiol
610,These Three,1936,William Wyler
611,Nathalie...,2003,Anne Fontaine
612,Wings of Desire,1987,Wim Wenders
613,Clash of the Titans,1981,Desmond Davis
614,Classmates,2006,Lal Jose
615,The Window,1949,Ted Tetzlaff
616,High Sierra,1941,Raoul Walsh
617,The Computer Wore Tennis Shoes,1969,Robert Butler
618,Mazurka,1935,Willi Forst
619,The Grocery Clerk,1919,Larry Semon
620,The Countess of Monte-Christo,1932,Karl Hartl
621,"Cousin, cousine",1975,Jean-Charles Tacchella
622,Big Deal on Madonna Street,1958,Mario Monicelli
623,The Crazies,1973,George A. Romero
624,The Mayor of Hell,1933,Archie Mayo
625,Nine Queens,2000,Fabián Bielinsky
626,D.O.A.,1950,Rudolph Maté
627,Dark Mirror,1946,Robert Siodmak
628,Dark Victory,1939,Edmund Goulding
629,Dark Water,2002,Hideo Nakata
630,Dawn of the Dead,1978,George A. Romero
631,The Dawn Patrol,1930,Howard Hawks
632,Day of the Dead,1985,George A. Romero
633,The Day the Earth Stood Still,1951,Robert Wise
634,My Name Is Julia Ross,1945,Joseph H. Lewis
635,Death at a Funeral,2007,Frank Oz
636,Death Race 2000,1975,Paul Bartel
637,The Debt,2007,Assaf Bernstein
638,The Defiant Ones,1958,Stanley Kramer
639,Infernal Affairs,2002,Wai Keung Lau & Siu Fai Mak
640,Die schönen Tage von Aranjuez,1933,Johannes Meyer
641,The Desperate Hours,1955,William Wyler
642,Le Deuxième Souffle,1966,Jean-Pierre Melville
643,Diabolique,1955,Henri-Georges Clouzot
644,The Barker,1928,George Fitzmaurice
645,The Dinner Game,1998,Francis Veber
646,Bedtime Story,1964,Ralph Levy
647,Rear Window,1954,Alfred Hitchcock
648,Dr. Jekyll and Mr. Hyde,1931,Rouben Mamoulian
649,Dr. Mabuse the Gambler,1922,Fritz Lang
650,Don,1978,Chandra Barot
651,A Dog of Flanders,1959,James B. Clark
652,Don't Be Afraid of the Dark,1973,John Newland
653,The Lift,1983,Dick Maas
654,Boudu Saved from Drowning,1932,Jean Renoir
655,Here Comes Mr. Jordan,1941,Alexander Hall
656,Der träumende Mund,1932,Paul Czinner
657,The Echo,2004,Yam Laranas
658,King of the Airways,1994,Michel Poulette
659,Groundhog Day,1993,Harold Ramis
660,Chinthamani Kolacase,2006,Shaji Kailas
661,Endless Love,1981,Franco Zeffirelli
662,Masquerade in Vienna,1934,Willi Forst
663,The Evil Dead,1981,Sam Raimi
664,The Eye,2002,Oxide Pang & Danny Pang
665,Exorcist: The Beginning,2004,Renny Harlin
666,A Trip to the Moon,1902,Georges Méliès
667,The Experiment,2001,Oliver Hirschbiegel
668,Fame,1980,Alan Parker
669,Diversion,1980,James Dearden
670,Father of the Bride,1950,Vincente Minnelli
671,The ComDads,1983,Francis Veber
672,FC Venus,2005,Joona Tena
673,Kiss of Death,1947,Henry Hathaway
674,The Firm,1988,Alan Clarke
675,Yojimbo,1961,Akira Kurosawa
676,Five Came Back,1939,John Farrow
677,The Defiant Ones,1958,Stanley Kramer
678,The Flight of the Phoenix,1965,Robert Aldrich
679,Flipper,1963,James B. Clark
680,A Story of Floating Weeds,1934,Yasujirō Ozu
681,The Absent-Minded Professor,1961,Robert Stevenson
682,The Fly,1958,Kurt Neumann
683,The Fog,1980,John Carpenter
684,Footloose,1984,Herbert Ross
685,The Golden Chance,1915,Cecil B. DeMille
686,The Sons of Katie Elder,1965,Henry Hathaway
687,Freaky Friday,1976,Gary Nelson
688,Friday the 13th,1980,Sean S. Cunningham
689,Fright Night,1985,Tom Holland
690,The Front Page,1931,Lewis Milestone
691,Fun with Dick and Jane,1977,Ted Kotcheff
692,Funny Games,1997,Michael Haneke
693,Waterloo Bridge,1931,James Whale
694,Gambit,1966,Ronald Neame
695,The Gambler,1974,Karel Reisz
696,The Getaway,1972,Sam Peckinpah
697,Get Carter,1971,Mike Hodges
698,Catherine the Last,1936,Henry Koster
699,Kaakha Kaakha,2003,Gautham Menon
700,Don't Look Up,1996,Hideo Nakata
701,Gloria,1980,John Cassavetes
702,Godzilla,1954,Ishirō Honda
703,Gone in 60 Seconds,1974,H. B. Halicki
704,The Goodbye Girl,1977,Herbert Ross
705,The Good Companions,1933,Victor Saville
706,"I Was Born, But...",1932,Yasujirō Ozu
707,Bob le flambeur,1956,Jean-Pierre Melville
708,Flaming Guns,1932,Arthur Rosson
709,Ju-on: The Grudge,2003,Takashi Shimizu
710,Guess Who's Coming to Dinner,1967,Stanley Kramer
711,Halloween,1978,John Carpenter
712,The Beast with Five Fingers,1946,Robert Florey
713,Happy New Year,1973,Claude Lelouch
714,Harakiri,1962,Masaki Kobayashi
715,The Hasty Heart,1949,Vincent Sherman
716,The Phantom City,1928,Albert S. Rogell
717,The Haunting,1963,Robert Wise
718,Head Above Water,1993,Nils Gaup
719,The Heartbreak Kid,1972,Elaine May
720,L.A. Takedown,1989,Michael Mann
721,Her Majesty Love,1931,Joe May
722,High Noon,1952,Fred Zinnemann
723,The Hills Have Eyes,1977,Wes Craven
724,The Hitcher,1986,Robert Harmon
725,Holiday,1930,Edward H. Griffith
726,The Incredible Journey,1963,Fletcher Markle
727,Hoodman Blind,1913,James Gordon
728,House on Haunted Hill,1959,William Castle
729,Mystery of the Wax Museum,1933,Michael Curtiz
730,How to Make a Monster,1958,Herbert L. Strock
731,The Hurricane,1937,John Ford
732,The Last Man on Earth,1964,Sidney Salkow
733,High Sierra,1941,Raoul Walsh
734,I Married a Monster from Outer Space,1958,Gene Fowler Jr.
735,I Saw What You Did,1965,William Castle
736,I Spit on Your Grave,1978,Meir Zarchi
737,I Want to Live!,1958,Robert Wise
738,Ice Castles,1978,Donald Wrye
739,The Shop Around the Corner,1940,Ernst Lubitsch
740,Indiscretion of an American Wife,1953,Vittorio De Sica
741,The Initiation of Sarah,1978,Robert Day
742,The In-Laws,1979,Arthur Hiller
743,Insomnia,1997,Erik Skjoldbjærg
744,The Things of Life,1970,Claude Sautet
745,Intermezzo,1936,Gösta Stevens
746,Interview,2003,Theo van Gogh
747,Invaders from Mars,1953,William Cameron Menzies
748,Invasion of the Body Snatchers,1956,Don Siegel
749,Irma la Douce,1963,Billy Wilder
750,Rashomon,1950,Akira Kurosawa
751,The Italian Job,1969,Peter Collinson
752,It's a Wonderful Life,1946,Frank Capra
753,It's Alive,1974,Larry Cohen
754,The Last Man on Earth,1924,John G. Blystone
755,J'accuse,1919,Abel Gance
756,The Day of the Jackal,1973,Fred Zinnemann
757,Jacob the Liar,1974,Frank Beyer
758,The Jazz Singer,1927,Alan Crosland
759,Jigoku,1960,Nobuo Nakagawa
760,Journey into Fear,1943,Norman Foster
761,Little Indian Big City,1994,Hervé Palud
762,Les Visiteurs,1993,Jean-Marie Poiré
763,Tidal Wave,1973,Shirô Moritani
764,The Karate Kid,1984,John G. Avildsen
765,The Milky Way,1936,Leo McCarey
766,King Kong,1933,Merian C. Cooper
767,King Solomon's Mines,1937,Robert Stevenson
768,A Kiss Before Dying,1956,Gerd Oswald
769,Dona Flor and Her Two Husbands,1976,Bruno Barreto
770,Kiss of Death,1947,Henry Hathaway
771,Death Game,1977,Peter S. Traynor
772,Séance on a Wet Afternoon,1964,Bryan Forbes
773,The Ladykillers,1955,Alexander Mackendrick
774,The Lady Vanishes,1938,Alfred Hitchcock
775,The Land That Time Forgot,1974,Kevin Connor
776,Il Mare,2000,Lee Hyun-seung
777,Last Holiday,1950,Henry Cass
778,The Virgin Spring,1960,Ingmar Bergman
779,The Last Kiss,2001,Gabriele Muccino
780,Yojimbo,1961,Akira Kurosawa
781,Angora Love,1929,Lewis R. Foster
782,Let The Right One In,2008,Tomas Alfredson
783,Libeled Lady,1936,Jack Conway
784,Lifeboat,1944,Alfred Hitchcock
785,Little Fugitive,1953,Ray Ashley
786,Little Miss Marker,1934,Alexander Hall
787,Little Shop of Horrors,1960,Roger Corman
788,LOL (Laughing Out Loud),2008,Lisa Azuelos
789,The Longest Yard,1974,Robert Aldrich
790,His Royal Slyness,1920,Hal Roach
791,"The Long, Hot Summer",1958,Martin Ritt
792,Le Jour se lève,1939,Marcel Carné
793,Lost Horizon,1937,Frank Capra
794,Lost Patrol,1929,Walter Summers
795,Love Affair,1939,Leo McCarey
796,"Can’t Buy Me Love",1987,Steve Rash
797,Swamp Water,1941,Jean Renior
798,M ,1931,Fritz Lang
799,Mädchen in Uniform,1931,Leontine Sagan
800,The Hands of Orlac,1924,Robert Wiene
801,The Magnificent Ambersons,1942,Orson Welles
802,Seven Samurai,1954,Akira Kurosawa
803,I Am Sam,2001,Jessie Nelson
804,The Private War of Major Benson,1955,Jerry Hopper
805,The Walking Dead,1936,Michael Curtiz
806, The Tall Blond Man with One Black Shoe,1972,Yves Robert
807,The Man Without a Country,1917,Ernest C. Warde
808,The Man Who Knew Too Much,1934,Alfred Hitchcock
809,The Man Who Loved Women,1977,François Truffaut
810,The Manchurian Candidate,1962,John Frankenheimer
811,Manichithrathazhu,1993,Fazil
812,The Miracle of Marcelino,1955,Ladislao Vajda
813,Life Is a Dog,1933,Martin Frič
814,Marilyn Hotchkiss' Ballroom Dancing and Charm School,1990,Randall Miller
815,London After Midnight,1927,Tod Browning
816,The Three Godfathers,1916,Edward LeSaint
817,Martyrs,2008,Pascal Laugier
818,Midnight,1939,Mitchell Leisen
819,The Mechanic,1972,Michael Winner
820,Death Takes a Holiday,1934,Mitchell Leisen
821,Meet Me in St. Louis,1944,Vincente Minnelli
822,La vie continue,1981,Moshé Mizrahi
823,Bicycle Thieves,1948,Vittorio De Sica
824,Mighty Joe Young,1949,Ernest B. Schoedsack
825,Miracle on 34th Street,1947,George Seaton
826,The Miracle Man,1919,George Loane Tucker
827,Le miroir à deux faces,1958,André Cayatte
828,Into the Mirror,2003,Sung-ho Kim
829,Miss Granny,2014,Hwang Dong-hyuk
830,Cat-Women of the Moon,1953,Arthur Hilton
831,Le Père Noël est une ordure,1982,Jean-Marie Poiré
832,Red Dust,1932,Victor Fleming
833,Mr. Blandings Builds His Dream House,1948,H. C. Potter
834,Haunters,2010,Kim Min-seok
835,The Magnificent Fraud,1939,Robert Florey
836,Mother's Day,1980,Charles Kaufman
837,My Favorite Wife,1940,Garson Kanin
838,Mr. Deeds Goes to Town,1936,Frank Capra
839,The Mummy,1932,Karl Freund
840,Munna Bhai M.B.B.S.,2003,Rajkumar Hirani
841,My Bloody Valentine,1981,George Mihalka
842,"Mon père, ce héros",1991,Gérard Lauzier
843,My Man Godfrey,1936,Gregory La Cava
844,My Sassy Girl,2001,Jae-young Kwak
845,Autograph,2004,Cheran
846,The Eye,2002,Oxide Pang
847,The Narrow Margin,1952,Richard Fleischer
848,Anything for Her,2008,Fred Cavayé
849,Night and the City,1950,Jules Dassin
850,Night Must Fall,1937,Richard Thorpe
851,A Nightmare on Elm Street,1984,Wes Craven
852,Night of the Demons,1988,Kevin S. Tenney
853,Night of the Living Dead,1968,George A. Romero
854,Nightwatch,1994,Ole Bornedal
855,Neuf mois,1994,Patrick Braoudé
856,Mostly Martha,2001,Sandra Nettelbeck
857,Nosferatu,1922,F.W. Murnau
858,The Big Clock,1948,John Farrow
859,Not of This Earth,1957,Roger Corman
860,Notorious,1946,Alfred Hitchcock
861,Naadodigal,2009,Samuthirakani
862,Nine Queens,2000,Fabián Bielinsky
863,The Nutty Professor,1963,Jerry Lewis
864,Ocean's 11,1960,Lewis Milestone
865,It Started with Eve,1941,Henry Koster
866,The Old Dark House,1932,James Whale
867,Oldboy,2003,Park Chan-wook
868,The Last Man on Earth,1964,Sidney Salkow
869,The Omen,1976,Richard Donner
870,On the Beach,1959,Stanley Kramer
871,One Million B.C.,1940,Hal Roach
872,One Missed Call,2003,Takashi Miike
873,The Women,1939,George Cukor
874,Black Orpheus,1959,Marcel Camus
875,The Two Orphans,1915,Herbert Brenon
876,Oscar,1967,Édouard Molinaro
877,The Out-of-Towners,1970,Arthur Hiller
878,High Noon,1952,Fred Zinnemann
879,Rashomon,1950,Akira Kurosawa
880,Outside the Law,1920,Tod Browning
881,A Yank at Oxford,1938,Jack Conway
882,Gold Diggers of 1933,1933,Mervyn LeRoy
883,The Grand Highway,1987,Jean-Loup Hubert
884,The Parent Trap,1961,David Swift
885,Holiday for Henrietta,1952,Julien Duvivier
886,Pathfinder,1987,Nils Gaup
887,Shanghai Express,1932,Josef von Sternberg
888,Dial M for Murder,1954,Alfred Hitchcock
889,The Phantom Carriage,1921,Victor Sjöström
890,Picnic,1955,Joshua Logan
891,Piranha,1978,Joe Dante
892,The Plainsman,1936,Cecil B. DeMille
893,Planet of the Apes,1968,Franklin J. Schaffner
894,The Plank,1967,Eric Sykes
895,Lady for a Day,1933,Frank Capra
896,Point Break,1991,Kathryn Bigelow
897,La Femme Nikita,1990,Luc Besson
898,Poltergeist,1982,Tobe Hooper
899,Pokiri,2006,Puri Jagannadh
900,The Poseidon Adventure,1972,Ronald Neame
901,The Bishop's Wife,1947,Henry Koster
902,Premonition,2004,Norio Tsuruta
903,The Prisoner of Zenda,1937,John Cromwell
904,The Producers,1967,Mel Brooks
905,Prom Night,1980,Paul Lynch
906,Psycho,1960,Alfred Hitchcock
907,Pulse,2001,Kiyoshi Kurosawa
908,La Chèvre,1981,Francis Veber
909,Pusher,1996,Nicolas Winding Refn
910,REC,2007,Jaume Balagueró and Paco Plaza
911,The Racket,1928,Lewis Milestone
912,The Rainmaker,1956,Joseph Anthony
913,The Rains Came,1939,Clarence Brown
914,Sholay,1975,Ramesh Sippy
915,Ransom!,1956,Alex Segal
916,Rear Window,1954,Alfred Hitchcock
917,Red Dawn,1984,John Milius
918,Range Feud,1931,D. Ross Lederman
919,Reefer Madness,1936,Louis J. Gasnier
920,Force Majeure,1989,Pierre Jolievt
921,Yongary Monster from the Deep,1967,Kim Ki-duk
922,Old Acquaintance,1943,Vincent Sherman
923,The Unknown Cavalier,1926,Albert S. Rogell
924,Broadway Bill,1934,Frank Capra
925,Ringu,1998,Hideo Nakata
926,Rio Bravo,1959,Howard Hawks
927,Rio Rita,1929,Luther Reed
928,Robin Hood,1912,Étienne Arnaud and Herbert Blaché
929,RoboCop,1987,Paul Verhoeven
930,The Miracle of Morgan's Creek,1944,Preston Sturges
931,Rollerball,1975,Norman Jewison
932,The Roman Spring of Mrs. Stone,1961,José Quintero
933,Runaway Daughters,1956,Edward L. Cahn
934,One Hundred Men and a Girl,1937,Henry Koster
935,Sabrina,1954,Billy Wilder
936,Sahara,1943,Zoltan Korda
937,Satan's School for Girls,1973,David Rich
938,The Ghost Breakers,1940,George Marshall
939,Scarface,1932,Howard Hawks
940,Scent of a Woman,1974,Dino Risi
941,School for Scoundrels,1960,Robert Hamer
942,Himitsu,1999,Yojiro Takita
943,The Secret in their Eyes,2009,Juan J. Campanella
944,The Secret Life of Walter Mitty,1947,Norman Z. McLeod
945,Geheimnis des blauen Zimmers,1932,Erich Engels
946,Sengoku jieitai,1979,Kôsei Saitô
947,Senso,1954,Luchino Visconti
948,7th Heaven,1927,Frank Borzage
949,Shadow of a Doubt,1943,Alfred Hitchcock
950,The Shaggy Dog,1959,Charles Barton
951,"Shake, Rattle & Rock!",1956,Edward L. Cahn
952,The Paleface,1948,Norman Z. McLeod
953,Shall We Dance?,1996,Masayuki Suo
954,Munna Bhai M.B.B.S.,2003,Rajkumar Hirani
955,Lage Raho Munna Bhai,2006,Rajkumar Hirani
956,Shiva,1989,Ram Gopal Varma
957,Shutter,2004,Banjong Pisanthanakun
958,Sideways,2004,Alexander Payne
959,Ninotchka,1939,Ernst Lubitsch
960,Blood Simple,1984,Joel Coen
961,Singam,2010,Hari
962,Sisters,1972,Brian De Palma
963,Penthouse,1933,W.S. Van Dyke
964,Solyaris,1968,B.Nirenburg
965,Midsummer,2003,Carsten Myllerup
966,My Favorite Wife,1940,Garson Kanin
967,Somewhere in Sonora,1927,Albert S. Rogell
968,The Wages of Fear,1953,Henri-Georges Clouzot
969,The House on Sorority Row,1983,Mark Rosman
970,Sorrell and Son,1927,Herbert Brenon
971,Little Miss Marker,1934,Alexander Hall
972,Sparkle,1976,Sam O'Steen
973,Frühjahrsparade,1934,Géza von Bolváry
974,Spring in a Small Town,1948,Fei Mu
975,The Squaw Man,1914,Cecil B. DeMille
976,Stagecoach,1939,John Ford
977,A Star Is Born,1937,William A. Wellman
978,State Fair,1933,Henry King
979,The Stepfather,1987,Joseph Ruben
980,The Stepford Wives,1975,Bryan Forbes
981,Dark Victory,1939,Edmund Goulding
982,Straw Dogs,1971,Sam Peckinpah
983,The Sunshine Boys,1975,Herbert Ross
984,Suspicion,1941,Alfred Hitchcock
985,The Swan,1925,Dimitri Buchowetzki
986,Miss Granny,2014,Hwang Dong-hyuk
987,Sweet November,1968,Robert Ellis Miller
988,Swept Away,1974,Lina Wertmüller
989,The Front Page,1931,Lewis Milestone
990,Ramana,2002,A.R. Murugadoss
991,Taking of Pelham One Two Three,1974,Joseph Sargent
992,Tarzan the Ape Man,1932,W.S. Van Dyke
993,Taxi,1996,Gérard Pirès
994,The Ten Commandments,1923,Cecil B. Demille
995,The Texas Chain Saw Massacre,1974,Tobe Hooper
996,That Darn Cat!,1965,Robert Stevenson
997,The Life of Jimmy Dolan,1933,Archie Mayo
998,Thief of Bagdad,1924,Raoul Walsh
999,Nippon tanjô,1959,Hiroshi Inagaki
1000,The Thing from Another World,1951,Christian Nyby
1001,World on a Wire,1973,Rainer Werner Fassbinder
1002,13 Ghosts,1960,William Castle
1003,The Thomas Crown Affair,1968,Norman Jewison
1004,The Fugitives,1986,Francis Veber
1005,3 hommes et un couffin,1985,Coline Serreau
1006,The Time Machine,1960,George Pal
1007,To Be Or Not To Be,1942,Ernst Lubitsch
1008,To Have and to Hold,1916,George Melford
1009,Tol'able David,1921,Henry King
1010,Leave Her to Heaven,1945,John M. Stahl
1011,The Toolbox Murders,1978,Dennis Donnelly
1012,Eat Drink Man Woman,1994,Ang Lee
1013,Total Recall,1990,Paul Verhoeven
1014,Anthony Zimmer,2005,Jérôme Salle
1015,Tower of London,1939,Rowland V. Lee
1016,The Town That Dreaded Sundown,1976,Charles B. Pierce
1017,The Toy,1976,Francis Veber
1018,Trader Horn,1931,W.S. Van Dyke
1019,La Totale!,1991,Claude Zidi
1020,Charade,1963,Stanley Donen
1021,The Twin,1984,Yves Robert
1022,The Unfaithful Wife,1969,Claude Chabrol
1023,Unfaithfully Yours,1948,Preston Sturges
1024,Garde à vue,1981,Claude Miller
1025,Criss Cross,1949,Robert Siodmak
1026,The Unholy Three,1925,Tod Browning
1027,The Unknown Soldier,1955,Edvin Laine
1028,Van Gogh,1947,Alain Resnais
1029,Open Your Eyes,1997,Alejandro Amenábar
1030,The Vanishing,1988,George Sluizer
1031,Vanishing Point,1971,Richard C. Sarafian
1032,Blaavand melder storm,1938,"Lau Lauritzen, Jr."
1033,I Wake Up Screaming,1941,H. Bruce Humberstone
1034,Viktor and Viktoria,1933,Reinhold Schunzel
1035,Village of the Damned,1960,Wolf Rilla
1036,The More the Merrier,1943,George Stevens
1037,The Virtuous Bigamist,1956,Mario Soldati
1038,Walking Tall,1973,Phil Karlson
1039,Waterloo Bridge,1931,James Whale
1040,The War of the Worlds,1953,Byron Haskin
1041,The Way of All Flesh,1927,Victor Fleming
1042,Castle of Blood,1964,Antonio Margheriti
1043,Stepmom,1998,Chris Columbus
1044,Big Deal on Madonna Street,1958,Mario Monicelli
1045,We're No Angels,1955,Michael Curtiz
1046,The Reluctant Debutante,1958,Vincente Minnelli
1047,What Ever Happened to Baby Jane?,1962,Robert Aldrich
1048,What Women Want,2000,Nancy Meyers
1049,When a Stranger Calls,1979,Fred Walton
1050,Where the Boys Are,1960,Henry Levin
1051,The Wicked Lady,1945,Leslie Arliss
1052,The Wicker Man,1973,Robin Hardy
1053,The Apartment,1996,Gilles Mimouni
1054,Willard,1971,Daniel Mann
1055,Blind,2011,Ahn Sang-hoon
1056,The Wizard of Gore,1970,Herschell Gordon Lewis
1057,The Wolf Man,1941,George Waggner
1058,Pardon Mon Affaire,1976,Yves Robert
1059,The Women,1939,George Cukor
1060,Gigot,1962,Gene Kelly
1061,The Yellow Handkerchief,1977,Yoji Yamada
1062,Jogi,2005,Prem
1063,"Yours, Mine and Ours",1968,Melville Shavelson
1064,The Major and the Minor,1942,Billy Wilder
1065,The Shop Around the Corner,1940,Ernst Lubitsch
